{"tissue_hires_scalef": 0.47359696, "tissue_lowres_scalef": 0.14207909, "fiducial_diameter_fullres": 57.396219999999985, "spot_diameter_fullres": 35.53099400000001}