cluster	area	merge
1	1	52967.0438100919	1:52967
8	8	192.274715652322	8:192.3
